CountryCode,Population
AFG,1780000
AFG,237500
AFG,186800
AFG,127800
NLD,731200
NLD,593321
NLD,440900
NLD,234323
NLD,201843
NLD,193238
NLD,172701
NLD,160398
NLD,153491
NLD,152463
NLD,149544
NLD,148772
NLD,142465
NLD,138020
NLD,135621
NLD,129170
NLD,126270
NLD,122087
NLD,119811
NLD,117196
NLD,110722
NLD,110214
NLD,105853
NLD,105819
NLD,101574
NLD,95268
NLD,95052
NLD,92713
ANT,2345
ALB,270000
DZA,2168000
DZA,609823
DZA,443727
DZA,222518
DZA,183377
DZA,179055
DZA,153106
DZA,128747
DZA,128281
DZA,127284
DZA,117162
DZA,115212
DZA,112007
DZA,110242
DZA,107311
DZA,100118
DZA,96794
DZA,89415
ASM,5200
ASM,2323
AND,21189
AGO,2022000
AGO,163100
AGO,130000
AGO,128300
AGO,118200
AIA,961
AIA,595
ATG,24000
ARE,669181
ARE,398695
ARE,320095
ARE,225970
ARE,114395
ARG,2982146
ARG,1266461
ARG,1157507
ARG,907718
ARG,622013
ARG,559249
ARG,538918
ARG,521936
ARG,512880
ARG,470809
ARG,469735
ARG,463846
ARG,422542
ARG,367550
ARG,356993
ARG,353063
ARG,353046
ARG,352311
ARG,349246
ARG,315432
ARG,306341
ARG,296226
ARG,290335
ARG,288341
ARG,276916
ARG,258103
ARG,248700
ARG,239810
ARG,235760
ARG,229212
ARG,221754
ARG,207041
ARG,206998
ARG,201273
ARG,200595
ARG,189947
ARG,178748
ARG,170028
ARG,167296
ARG,158197
ARG,153036
ARG,147636
ARG,145823
ARG,138117
ARG,134935
ARG,134355
ARG,124104
ARG,123027
ARG,119302
ARG,119152
ARG,116675
ARG,116485
ARG,113428
ARG,110136
ARG,99578
ARG,94651
ARG,91101
ARM,1248700
ARM,211700
ARM,172700
ABW,29034
AUS,3276207
AUS,2865329
AUS,1291117
AUS,1096829
AUS,978100
AUS,322723
AUS,311932
AUS,270324
AUS,227657
AUS,219761
AUS,126118
AUS,125382
AUS,109914
AUS,92273
AZE,1787800
AZE,299300
AZE,283000
AZE,93900
BHS,172000
BHR,148000
BGD,3612850
BGD,1392860
BGD,663340
BGD,294056
BGD,202134
BGD,191398
BGD,188713
BGD,170232
BGD,168702
BGD,139710
BGD,135313
BGD,130577
BGD,127815
BGD,120170
BGD,117396
BGD,109032
BGD,106004
BGD,103556
BGD,103277
BGD,101266
BGD,99669
BGD,98342
BGD,96777
BGD,96717
BRB,6070
BEL,446525
BEL,224180
BEL,200827
BEL,185639
BEL,133859
BEL,116246
BEL,105692
BEL,105419
BEL,90935
BLZ,55810
BLZ,7105
BEN,536827
BEN,194000
BEN,134099
BEN,103577
BMU,1800
BMU,1200
BTN,22000
BOL,935361
BOL,758141
BOL,534466
BOL,482800
BOL,223553
BOL,178426
BOL,140642
BOL,125255
BIH,360000
BIH,143079
BIH,96027
BWA,213017
BWA,101805
BRA,9968485
BRA,5598953
BRA,2302832
BRA,2139125
BRA,2097757
BRA,1969868
BRA,1584232
BRA,1378087
BRA,1314032
BRA,1255049
BRA,1186926
BRA,1095874
BRA,1056330
BRA,950043
BRA,869254
BRA,862225
BRA,837588
BRA,786288
BRA,746758
BRA,723132
BRA,691942
BRA,688955
BRA,659604
BRA,649593
BRA,630073
BRA,584029
BRA,558680
BRA,520801
BRA,515553
BRA,487222
BRA,479992
BRA,473276
BRA,466823
BRA,459884
BRA,453813
BRA,450288
BRA,445555
BRA,440052
BRA,432257
BRA,428011
BRA,425194
BRA,408748
BRA,400940
BRA,398418
BRA,375055
BRA,357552
BRA,354732
BRA,352497
BRA,351944
BRA,349581
BRA,339194
BRA,335078
BRA,324662
BRA,319104
BRA,319033
BRA,318758
BRA,315415
BRA,313670
BRA,309750
BRA,302666
BRA,302108
BRA,296127
BRA,294125
BRA,290139
BRA,286848
BRA,286461
BRA,286058
BRA,282197
BRA,281928
BRA,279183
BRA,270874
BRA,270626
BRA,268013
BRA,259537
BRA,259425
BRA,256033
BRA,254970
BRA,253587
BRA,249225
BRA,248473
BRA,245497
BRA,244379
BRA,244247
BRA,241771
BRA,240315
BRA,239940
BRA,238738
BRA,238473
BRA,237510
BRA,237206
BRA,232685
BRA,231724
BRA,229130
BRA,224564
BRA,223011
BRA,222223
BRA,214901
BRA,214435
BRA,210540
BRA,208426
BRA,207557
BRA,206338
BRA,201073
BRA,199636
BRA,197550
BRA,196884
BRA,196147
BRA,195434
BRA,189258
BRA,188691
BRA,187122
BRA,186205
BRA,185340
BRA,185047
BRA,182984
BRA,182222
BRA,182148
BRA,179128
BRA,178988
BRA,177764
BRA,177409
BRA,175574
BRA,174381
BRA,173977
BRA,171657
BRA,170697
BRA,170356
BRA,169303
BRA,168953
BRA,168434
BRA,167795
BRA,167661
BRA,167185
BRA,166343
BRA,164716
BRA,164704
BRA,163551
BRA,162022
BRA,160510
BRA,155115
BRA,155105
BRA,155024
BRA,153383
BRA,150664
BRA,149964
BRA,149146
BRA,146005
BRA,145197
BRA,144158
BRA,140042
BRA,139570
BRA,139283
BRA,135968
BRA,135755
BRA,133980
BRA,133321
BRA,132736
BRA,131351
BRA,129756
BRA,129683
BRA,128079
BRA,127801
BRA,127634
BRA,126820
BRA,126672
BRA,126305
BRA,126076
BRA,125982
BRA,125812
BRA,125597
BRA,125597
BRA,124489
BRA,123782
BRA,121919
BRA,121904
BRA,121197
BRA,120793
BRA,120217
BRA,119503
BRA,119391
BRA,119262
BRA,118968
BRA,116929
BRA,115020
BRA,114948
BRA,114603
BRA,113595
BRA,113135
BRA,113079
BRA,111258
BRA,109965
BRA,109236
BRA,108964
BRA,108441
BRA,108314
BRA,108121
BRA,107781
BRA,107761
BRA,107755
BRA,107663
BRA,107354
BRA,106734
BRA,106278
BRA,105114
BRA,104156
BRA,103433
BRA,103240
BRA,103153
BRA,102580
BRA,102372
BRA,102217
BRA,101320
BRA,101046
BRA,100627
BRA,100356
BRA,100028
BRA,99387
BRA,98965
BRA,98570
BRA,98399
BRA,98318
BRA,98198
BRA,98140
BRA,97507
BRA,97291
BRA,96864
BRA,96610
BRA,96348
BRA,96291
BRA,96210
BRA,96131
BRA,95933
BRA,94685
BRA,93897
BRA,93346
BRA,93121
BRA,92779
BRA,92224
BRA,91999
BRA,91779
BRA,91777
BRA,91203
BRA,90519
BRA,90507
BRA,90111
BRA,89465
BRA,89388
BRA,89254
BRA,89236
BRA,89200
GBR,7285000
GBR,1013000
GBR,619680
GBR,461000
GBR,450180
GBR,431607
GBR,430000
GBR,424194
GBR,402000
GBR,321000
GBR,304000
GBR,294000
GBR,289376
GBR,287500
GBR,287000
GBR,262000
GBR,253000
GBR,252000
GBR,242000
GBR,236000
GBR,230000
GBR,216000
GBR,213070
GBR,196000
GBR,192171
GBR,190000
GBR,189150
GBR,183310
GBR,183000
GBR,180000
GBR,176000
GBR,174739
GBR,162000
GBR,156000
GBR,156124
GBR,151000
GBR,146690
GBR,146386
GBR,148000
GBR,145542
GBR,145000
GBR,143726
GBR,144000
GBR,141000
GBR,139020
GBR,140000
GBR,139000
GBR,135000
GBR,132813
GBR,124000
GBR,121380
GBR,121000
GBR,113080
GBR,114000
GBR,112000
GBR,111000
GBR,106000
GBR,107000
GBR,106293
GBR,106001
GBR,104425
GBR,103931
GBR,100924
GBR,100000
GBR,97451
GBR,96063
GBR,97000
GBR,92000
GBR,94531
GBR,94313
GBR,93087
GBR,95000
GBR,92000
GBR,91069
GBR,92000
GBR,90959
GBR,90878
GBR,90000
GBR,89000
GBR,27523
GBR,23487
VGB,8000
BRN,21484
BGR,1122302
BGR,342584
BGR,299801
BGR,195255
BGR,166467
BGR,147939
BGR,121952
BGR,105530
BGR,100399
BGR,94686
BFA,824000
BFA,300000
BFA,105000
BDI,300000
CYM,19600
CHL,4703954
CHL,386236
CHL,312493
CHL,293800
CHL,277752
CHL,251429
CHL,241910
CHL,233041
CHL,217664
CHL,212977
CHL,189036
CHL,187557
CHL,178182
CHL,177892
CHL,158215
CHL,152194
CHL,143353
CHL,141468
CHL,137409
CHL,137265
CHL,133106
CHL,125631
CHL,120128
CHL,118857
CHL,115766
CHL,94854
CHL,93061
CHL,91684
CHL,91056
COK,11900
CRI,339131
DJI,383000
DMA,16243
DOM,1609966
DOM,365463
DOM,140204
DOM,124735
DOM,108485
DOM,89423
ECU,2070040
ECU,1573458
ECU,270353
ECU,210368
ECU,202111
ECU,176413
ECU,169612
ECU,164739
ECU,152514
ECU,130643
ECU,129631
ECU,124177
ECU,123875
ECU,123163
ECU,123045
EGY,6789479
EGY,3328196
EGY,2221868
EGY,870716
EGY,469533
EGY,417610
EGY,395402
EGY,371010
EGY,369621
EGY,360503
EGY,343498
EGY,275807
EGY,267351
EGY,260964
EGY,254477
EGY,231978
EGY,219017
EGY,212203
EGY,201360
EGY,172032
EGY,171275
EGY,170125
EGY,159909
EGY,148787
EGY,145792
EGY,127108
EGY,124819
EGY,119283
EGY,113608
EGY,101801
EGY,100447
EGY,97700
EGY,97200
EGY,95400
EGY,94200
EGY,91700
EGY,91300
SLV,415346
SLV,139389
SLV,138800
SLV,129800
SLV,127696
SLV,98400
SLV,88800
ERI,431000
ESP,2879052
ESP,1503451
ESP,739412
ESP,701927
ESP,603367
ESP,530553
ESP,357589
ESP,354757
ESP,353504
ESP,326993
ESP,319998
ESP,311708
ESP,283670
ESP,272432
ESP,267980
ESP,247986
ESP,244767
ESP,243402
ESP,217154
ESP,213050
ESP,209635
ESP,200453
ESP,195351
ESP,193174
ESP,184859
ESP,184165
ESP,182660
ESP,180483
ESP,179208
ESP,177709
ESP,173163
ESP,171173
ESP,169027
ESP,168695
ESP,164463
ESP,162802
ESP,158720
ESP,147527
ESP,145371
ESP,142449
ESP,142048
ESP,140583
ESP,139809
ESP,139712
ESP,136613
ESP,127945
ESP,127093
ESP,120802
ESP,113016
ESP,112207
ESP,109247
ESP,109120
ESP,104095
ESP,103106
ESP,101144
ESP,98212
ESP,94591
ESP,93745
ESP,92262
ZAF,2352121
ZAF,904165
ZAF,756653
ZAF,752319
ZAF,658630
ZAF,634065
ZAF,566120
ZAF,468931
ZAF,442633
ZAF,410102
ZAF,378810
ZAF,370190
ZAF,365467
ZAF,341288
ZAF,339233
ZAF,334341
ZAF,328535
ZAF,283289
ZAF,279340
ZAF,262648
ZAF,261911
ZAF,242727
ZAF,222993
ZAF,221047
ZAF,203296
ZAF,197254
ZAF,192120
ZAF,189885
ZAF,182639
ZAF,181503
ZAF,177971
ZAF,171363
ZAF,167183
ZAF,164367
ZAF,164252
ZAF,162072
ZAF,159632
ZAF,120838
ZAF,105768
ZAF,101817
ZAF,97008
ZAF,96734
ZAF,93818
ZAF,89292
ETH,2495000
ETH,164851
ETH,127842
ETH,112249
ETH,97314
ETH,96938
ETH,96140
FLK,1636
FJI,77366
PHL,2173831
PHL,1581082
PHL,1177604
PHL,1147116
PHL,718821
PHL,601794
PHL,505058
PHL,485433
PHL,472780
PHL,470866
PHL,467375
PHL,461877
PHL,449811
PHL,444867
PHL,429076
PHL,411822
PHL,391170
PHL,379520
PHL,379310
PHL,365820
PHL,354908
PHL,338855
PHL,315807
PHL,305699
PHL,285061
PHL,281146
PHL,278474
PHL,267279
PHL,263971
PHL,262481
PHL,259728
PHL,252386
PHL,247588
PHL,242511
PHL,231403
PHL,230403
PHL,222859
PHL,221857
PHL,218447
PHL,217019
PHL,207927
PHL,201186
PHL,198183
PHL,196075
PHL,195482
PHL,194260
PHL,187691
PHL,185633
PHL,179531
PHL,178639
PHL,175291
PHL,171045
PHL,163849
PHL,163037
PHL,161912
PHL,157010
PHL,156137
PHL,154297
PHL,154264
PHL,149769
PHL,148110
PHL,147924
PHL,147187
PHL,144282
PHL,142515
PHL,141954
PHL,141721
PHL,141174
PHL,137810
PHL,135603
PHL,133950
PHL,133786
PHL,131090
PHL,130328
PHL,129765
PHL,126352
PHL,125699
PHL,125171
PHL,123824
PHL,123672
PHL,120645
PHL,119990
PHL,119675
PHL,118534
PHL,118259
PHL,117680
PHL,117539
PHL,115171
PHL,115167
PHL,114568
PHL,113190
PHL,112446
PHL,111582
PHL,111425
PHL,111009
PHL,110709
PHL,110531
PHL,110517
PHL,110420
PHL,109481
PHL,108254
PHL,107722
PHL,107691
PHL,107166
PHL,106630
PHL,105910
PHL,105908
PHL,105760
PHL,103952
PHL,102379
PHL,102265
PHL,102082
PHL,101792
PHL,101391
PHL,101205
PHL,101031
PHL,101017
PHL,100000
PHL,99862
PHL,99367
PHL,98781
PHL,97860
PHL,97329
PHL,96858
PHL,96609
PHL,96113
PHL,95630
PHL,95219
PHL,94861
PHL,94466
PHL,93623
PHL,93232
PHL,92694
PHL,92512
PHL,92429
PHL,90603
FRO,14542
GAB,419000
GMB,102600
GMB,42326
GEO,1235200
GEO,240900
GEO,155400
GEO,137700
GEO,111700
GHA,1070000
GHA,385192
GHA,151069
GHA,109975
GHA,103653
GIB,27025
GRD,4621
GRL,13445
GLP,62947
GLP,12433
GUM,9500
GUM,1139
GTM,823301
GTM,209791
GTM,101295
GTM,90801
GIN,1090610
GNB,241000
GUY,254000
HTI,884472
HTI,290204
HTI,240429
HTI,102233
HND,813900
HND,383900
HND,89200
HKG,1987996
HKG,1312637
SJM,1438
IDN,9604900
IDN,2663820
IDN,2429000
IDN,1843919
IDN,1222764
IDN,1198300
IDN,1104405
IDN,1060257
IDN,716862
IDN,680332
IDN,644300
IDN,534474
IDN,518600
IDN,482931
IDN,438638
IDN,435000
IDN,418944
IDN,409632
IDN,399175
IDN,385201
IDN,365200
IDN,344600
IDN,338752
IDN,332288
IDN,306600
IDN,301504
IDN,289744
IDN,285114
IDN,270800
IDN,263200
IDN,254406
IDN,253760
IDN,249312
IDN,218500
IDN,206900
IDN,205100
IDN,203056
IDN,202500
IDN,187400
IDN,179800
IDN,171532
IDN,146439
IDN,145000
IDN,143409
IDN,142800
IDN,134019
IDN,129300
IDN,129300
IDN,129000
IDN,127222
IDN,125766
IDN,124300
IDN,124000
IDN,123800
IDN,122600
IDN,122400
IDN,120770
IDN,117000
IDN,114300
IDN,111500
IDN,109600
IDN,107000
IDN,106800
IDN,105100
IDN,103500
IDN,103300
IDN,103000
IDN,101300
IDN,99693
IDN,96626
IDN,95900
IDN,95800
IDN,95300
IDN,94800
IDN,94700
IDN,94058
IDN,93200
IDN,92700
IDN,92600
IDN,92300
IDN,91871
IDN,91200
IDN,91100
IDN,89900
IDN,89900
IND,10500000
IND,7206704
IND,4399819
IND,3841396
IND,2964638
IND,2876710
IND,2660088
IND,1874409
IND,1624752
IND,1619115
IND,1566651
IND,1498817
IND,1458483
IND,1091674
IND,1062771
IND,1042740
IND,1031346
IND,1014557
IND,977856
IND,950435
IND,929270
IND,917243
IND,892506
IND,891790
IND,816321
IND,803389
IND,792858
IND,753778
IND,752037
IND,741927
IND,708835
IND,703592
IND,701827
IND,690765
IND,666279
IND,656925
IND,648298
IND,604215
IND,599306
IND,587211
IND,584342
IND,573272
IND,564589
IND,559407
IND,537371
IND,524006
IND,517083
IND,509510
IND,505566
IND,504094
IND,480692
IND,480520
IND,471051
IND,460577
IND,454156
IND,447657
IND,438639
IND,429214
IND,425836
IND,421576
IND,419831
IND,416289
IND,411542
IND,406370
IND,403418
IND,402700
IND,402338
IND,387223
IND,386159
IND,379070
IND,374945
IND,369077
IND,366712
IND,362266
IND,342595
IND,341637
IND,333683
IND,328034
IND,326399
IND,324851
IND,316606
IND,308571
IND,307297
IND,304952
IND,304099
IND,301297
IND,300850
IND,291675
IND,279980
IND,278317
IND,275990
IND,275083
IND,273304
IND,270159
IND,266889
IND,266082
IND,262188
IND,253225
IND,245391
IND,245079
IND,243742
IND,242193
IND,241107
IND,241034
IND,240609
IND,238368
IND,237713
IND,236800
IND,235661
IND,233400
IND,232811
IND,226691
IND,226105
IND,224821
IND,218391
IND,216950
IND,215489
IND,215424
IND,215218
IND,215128
IND,214950
IND,214737
IND,214384
IND,212866
IND,210418
IND,205086
IND,203065
IND,202013
IND,201323
IND,199854
IND,198535
IND,197408
IND,195346
IND,194567
IND,193197
IND,190255
IND,190084
IND,186939
IND,185378
IND,184474
IND,183965
IND,183375
IND,183215
IND,182477
IND,181339
IND,179833
IND,179258
IND,177989
IND,175372
IND,175061
IND,174985
IND,174933
IND,174924
IND,174666
IND,174369
IND,173751
IND,172710
IND,172677
IND,172562
IND,169336
IND,167461
IND,167051
IND,164364
IND,163431
IND,161482
IND,160359
IND,159232
IND,159110
IND,159042
IND,157551
IND,157358
IND,157082
IND,156630
IND,155500
IND,155240
IND,155172
IND,154367
IND,153086
IND,151806
IND,151789
IND,151045
IND,150869
IND,150645
IND,150112
IND,150100
IND,149965
IND,148583
IND,148519
IND,148272
IND,147305
IND,147217
IND,147124
IND,146514
IND,146262
IND,145143
IND,145133
IND,144346
IND,143922
IND,143726
IND,140408
IND,139852
IND,139483
IND,139204
IND,138903
IND,137061
IND,137028
IND,136877
IND,136842
IND,136697
IND,136182
IND,136062
IND,135825
IND,135400
IND,134051
IND,133914
IND,133462
IND,133265
IND,133102
IND,132701
IND,131719
IND,131138
IND,130484
IND,129904
IND,128981
IND,128608
IND,127992
IND,127201
IND,126089
IND,126066
IND,125498
IND,125407
IND,125371
IND,125244
IND,125199
IND,125037
IND,125000
IND,124501
IND,124437
IND,124072
IND,123930
IND,123359
IND,123289
IND,123000
IND,122705
IND,122596
IND,121842
IND,121629
IND,121463
IND,121314
IND,121110
IND,120378
IND,120265
IND,120127
IND,119813
IND,119796
IND,118080
IND,117675
IND,116833
IND,116695
IND,116671
IND,115483
IND,115144
IND,114912
IND,114876
IND,114202
IND,114085
IND,114028
IND,113285
IND,112434
IND,111866
IND,110266
IND,110024
IND,109956
IND,109755
IND,109470
IND,109196
IND,108578
IND,108518
IND,108304
IND,108277
IND,108016
IND,107592
IND,107425
IND,107365
IND,107187
IND,107163
IND,106605
IND,106523
IND,106078
IND,105973
IND,105380
IND,105363
IND,104651
IND,104585
IND,104195
IND,103579
IND,102985
IND,102649
IND,102176
IND,101660
IND,101656
IND,101409
IND,100867
IND,100836
IND,100513
IND,100490
IND,100347
IND,100223
IND,100194
IND,100079
IND,98818
IND,98640
IND,98619
IND,98220
IND,97712
IND,97662
IND,97227
IND,96813
IND,96322
IND,96315
IND,96216
IND,96109
IND,95758
IND,95661
IND,95133
IND,94876
IND,94526
IND,94326
IND,93731
IND,93447
IND,93350
IND,93109
IND,92917
IND,92583
IND,92574
IND,90803
IND,90712
IND,90601
IND,90357
IND,89166
IND,89053
IRQ,4336000
IRQ,879000
IRQ,485968
IRQ,418624
IRQ,406296
IRQ,364096
IRQ,309010
IRQ,296705
IRQ,268834
IRQ,265937
IRQ,208797
IRQ,196519
IRQ,192556
IRQ,183183
IRQ,114516
IRN,6758845
IRN,1887405
IRN,1266072
IRN,1191043
IRN,1053025
IRN,940968
IRN,804980
IRN,777677
IRN,692986
IRN,435200
IRN,419518
IRN,417748
IRN,401281
IRN,384991
IRN,380755
IRN,340386
IRN,326776
IRN,291117
IRN,286295
IRN,277808
IRN,273578
IRN,272815
IRN,265450
IRN,217804
IRN,206073
IRN,202639
IRN,201372
IRN,195882
IRN,188710
IRN,178498
IRN,170738
IRN,165888
IRN,159092
IRN,158847
IRN,158346
IRN,148944
IRN,144373
IRN,143641
IRN,143286
IRN,142690
IRN,138278
IRN,135024
IRN,134835
IRN,132318
IRN,127608
IRN,126346
IRN,120020
IRN,116883
IRN,115394
IRN,111253
IRN,111245
IRN,107799
IRN,107233
IRN,106923
IRN,105636
IRN,104765
IRN,103579
IRN,100887
IRN,100477
IRN,98500
IRN,98300
IRN,96400
IRN,94600
IRN,94200
IRN,91045
IRN,90100
IRN,89800
IRL,481854
IRL,127187
ISL,109184
ISR,633700
ISR,348100
ISR,265700
ISR,188200
ISR,163700
ISR,163100
ISR,159400
ISR,155800
ISR,154900
ISR,137000
ISR,133900
ISR,126900
ISR,92300
ISR,90300
ITA,2643581
ITA,1300977
ITA,1002619
ITA,903705
ITA,683794
ITA,636104
ITA,381161
ITA,376662
ITA,337862
ITA,331848
ITA,277305
ITA,259156
ITA,255268
ITA,216459
ITA,211391
ITA,208214
ITA,191317
ITA,179617
ITA,176022
ITA,172473
ITA,168717
ITA,165926
ITA,161673
ITA,156673
ITA,154891
ITA,143664
ITA,142055
ITA,138418
ITA,132127
ITA,131062
ITA,126282
ITA,120803
ITA,119516
ITA,117837
ITA,115698
ITA,114099
ITA,109738
ITA,107770
ITA,107475
ITA,104906
ITA,102037
ITA,98384
ITA,98329
ITA,98208
ITA,97232
ITA,96700
ITA,95504
ITA,94932
ITA,94505
ITA,94443
ITA,93454
ITA,93286
ITA,92379
ITA,91904
ITA,91729
ITA,90289
ITA,89852
ITA,88987
TMP,47900
AUT,1608144
AUT,240967
AUT,188022
AUT,144247
AUT,111752
AUT,91141
JAM,110379
JAM,103962
JAM,99799
JPN,7980230
JPN,3339594
JPN,2595674
JPN,2154376
JPN,1790886
JPN,1461974
JPN,1425139
JPN,1308379
JPN,1217359
JPN,1119117
JPN,1016264
JPN,989975
JPN,863930
JPN,797735
JPN,656734
JPN,624269
JPN,586300
JPN,568796
JPN,549977
JPN,545299
JPN,517785
JPN,513451
JPN,497464
JPN,481434
JPN,475167
JPN,473854
JPN,469675
JPN,466133
JPN,461126
JPN,455386
JPN,452155
JPN,441893
JPN,441649
JPN,440353
JPN,433401
JPN,432759
JPN,430200
JPN,425103
JPN,408007
JPN,403151
JPN,397618
JPN,396689
JPN,391233
JPN,376921
JPN,372840
JPN,364813
JPN,364197
JPN,362812
JPN,361747
JPN,361737
JPN,361391
JPN,360066
JPN,346090
JPN,345750
JPN,332471
JPN,330335
JPN,328711
JPN,327211
JPN,325809
JPN,325790
JPN,324710
JPN,320296
JPN,314440
JPN,303784
JPN,301446
JPN,299851
JPN,295969
JPN,294788
JPN,292253
JPN,288173
JPN,287525
JPN,287353
JPN,284473
JPN,282348
JPN,282070
JPN,279280
JPN,276421
JPN,270828
JPN,269649
JPN,266281
JPN,261020
JPN,257315
JPN,257263
JPN,255617
JPN,254818
JPN,254207
JPN,246559
JPN,244240
JPN,242979
JPN,239124
JPN,239123
JPN,235611
JPN,231527
JPN,222768
JPN,220576
JPN,216015
JPN,212407
JPN,211382
JPN,209442
JPN,208234
JPN,206801
JPN,206504
JPN,205993
JPN,201838
JPN,201585
JPN,200171
JPN,199753
JPN,197608
JPN,197276
JPN,196622
JPN,192407
JPN,190886
JPN,188735
JPN,184061
JPN,177522
JPN,175206
JPN,174984
JPN,174380
JPN,173685
JPN,171958
JPN,170034
JPN,168072
JPN,167661
JPN,167268
JPN,166979
JPN,166770
JPN,166512
JPN,165243
JPN,164543
JPN,162472
JPN,161222
JPN,160768
JPN,159430
JPN,157171
JPN,155941
JPN,155784
JPN,153823
JPN,152849
JPN,152820
JPN,151758
JPN,149821
JPN,149794
JPN,148006
JPN,147744
JPN,147738
JPN,147523
JPN,146712
JPN,145922
JPN,145317
JPN,142889
JPN,139827
JPN,139216
JPN,138953
JPN,138210
JPN,136970
JPN,136461
JPN,135010
JPN,134426
JPN,134072
JPN,133505
JPN,133183
JPN,132957
JPN,131831
JPN,130594
JPN,130470
JPN,127969
JPN,127550
JPN,127486
JPN,127207
JPN,127026
JPN,126897
JPN,126670
JPN,125547
JPN,125094
JPN,124217
JPN,124013
JPN,123582
JPN,123285
JPN,122046
JPN,121967
JPN,121030
JPN,120963
JPN,119714
JPN,119666
JPN,119357
JPN,119287
JPN,119166
JPN,118968
JPN,118805
JPN,118751
JPN,118326
JPN,117748
JPN,117258
JPN,115781
JPN,115571
JPN,114815
JPN,111666
JPN,111645
JPN,111295
JPN,110969
JPN,110034
JPN,109699
JPN,108600
JPN,108275
JPN,107937
JPN,107661
JPN,107583
JPN,107078
JPN,106996
JPN,106914
JPN,106647
JPN,106232
JPN,106121
JPN,105643
JPN,105508
JPN,103969
JPN,103171
JPN,102710
JPN,102156
JPN,101732
JPN,101651
JPN,101344
JPN,100821
JPN,100713
JPN,100313
JPN,100032
JPN,99738
JPN,98746
JPN,98221
JPN,98123
JPN,97632
JPN,96972
JPN,96002
JPN,95592
JPN,95521
JPN,95165
JPN,94784
JPN,93756
JPN,93342
JPN,93216
JPN,93058
JPN,93053
JPN,92583
JPN,92398
JPN,91664
JPN,91470
JPN,91229
JPN,91170
YEM,503600
YEM,398300
YEM,317600
YEM,298500
YEM,122400
YEM,103300
JOR,1000000
JOR,389815
JOR,231511
JOR,137247
JOR,89104
CXR,700
YUG,1204000
YUG,179626
YUG,175391
YUG,155496
YUG,147305
YUG,135000
YUG,100386
YUG,92303
KHM,570155
KHM,129800
KHM,105100
CMR,1448300
CMR,1372800
CMR,177000
CMR,143000
CMR,138000
CMR,131000
CMR,112454
CAN,1016376
CAN,768082
CAN,688275
CAN,622632
CAN,618477
CAN,616306
CAN,608072
CAN,594501
CAN,514008
CAN,348845
CAN,339917
CAN,335614
CAN,335277
CAN,330393
CAN,304477
CAN,296711
CAN,207588
CAN,193647
CAN,189959
CAN,189098
CAN,180400
CAN,179209
CAN,167264
CAN,154980
CAN,148867
CAN,147889
CAN,145150
CAN,140173
CAN,139192
CAN,136216
CAN,127977
CAN,116428
CAN,115913
CAN,115100
CAN,114733
CAN,114034
CAN,113910
CAN,109186
CAN,107314
CAN,105403
CAN,103593
CAN,101936
CAN,101820
CAN,101388
CAN,100702
CAN,95411
CAN,92686
CAN,89442
CAN,89269
CPV,94800
KAZ,1129400
KAZ,436900
KAZ,360100
KAZ,330100
KAZ,311200
KAZ,311000
KAZ,300500
KAZ,269600
KAZ,253100
KAZ,221400
KAZ,203500
KAZ,195500
KAZ,170500
KAZ,157400
KAZ,143400
KAZ,142500
KAZ,127200
KAZ,123400
KAZ,109500
KAZ,98000
KAZ,90000
KEN,2290000
KEN,461753
KEN,192733
KEN,163927
KEN,116293
KEN,111882
KEN,94947
KEN,91258
CAF,524000
CHN,9696300
CHN,7472000
CHN,6351600
CHN,5286800
CHN,4344600
CHN,4289800
CHN,4265200
CHN,4256300
CHN,3361500
CHN,2870300
CHN,2812000
CHN,2761400
CHN,2697000
CHN,2596000
CHN,2278100
CHN,2190500
CHN,2107200
CHN,2041500
CHN,1968400
CHN,1829500
CHN,1809800
CHN,1691600
CHN,1593800
CHN,1565800
CHN,1465200
CHN,1371200
CHN,1369100
CHN,1310100
CHN,1200000
CHN,1200000
CHN,1161800
CHN,1140000
CHN,1070000
CHN,1040000
CHN,1040000
CHN,980000
CHN,950500
CHN,916700
CHN,840000
CHN,830000
CHN,810000
CHN,800000
CHN,800000
CHN,770000
CHN,760000
CHN,710000
CHN,700200
CHN,700000
CHN,683885
CHN,660000
CHN,640000
CHN,627500
CHN,610000
CHN,580000
CHN,570000
CHN,570000
CHN,544500
CHN,530000
CHN,530000
CHN,520000
CHN,520000
CHN,510000
CHN,493409
CHN,492559
CHN,487148
CHN,483155
CHN,482043
CHN,473762
CHN,457601
CHN,454300
CHN,452127
CHN,449245
CHN,441968
CHN,428522
CHN,425740
CHN,425579
CHN,421589
CHN,420332
CHN,415466
CHN,410775
CHN,410407
CHN,409924
CHN,409100
CHN,401871
CHN,400997
CHN,393184
CHN,386081
CHN,380846
CHN,377869
CHN,371601
CHN,368316
CHN,366549
CHN,364972
CHN,364130
CHN,363954
CHN,362773
CHN,362268
CHN,357052
CHN,354141
CHN,354139
CHN,352125
CHN,350696
CHN,350077
CHN,350043
CHN,343341
CHN,341128
CHN,337765
CHN,324720
CHN,324600
CHN,317223
CHN,317144
CHN,315083
CHN,313469
CHN,312892
CHN,308669
CHN,305421
CHN,303160
CHN,302800
CHN,302789
CHN,301276
CHN,299676
CHN,296831
CHN,291187
CHN,281728
CHN,281352
CHN,281248
CHN,281183
CHN,280657
CHN,278829
CHN,273786
CHN,265683
CHN,265248
CHN,264081
CHN,262947
CHN,262892
CHN,261862
CHN,257862
CHN,256012
CHN,255129
CHN,254842
CHN,251733
CHN,250718
CHN,247227
CHN,246833
CHN,246799
CHN,244974
CHN,243303
CHN,242708
CHN,241019
CHN,239675
CHN,235100
CHN,230892
CHN,230587
CHN,228017
CHN,227881
CHN,226569
CHN,222884
CHN,222394
CHN,220129
CHN,218071
CHN,217987
CHN,215373
CHN,215196
CHN,214957
CHN,214294
CHN,213659
CHN,212976
CHN,211526
CHN,210452
CHN,209038
CHN,208815
CHN,207844
CHN,205560
CHN,205504
CHN,204970
CHN,204899
CHN,200824
CHN,198664
CHN,197602
CHN,197595
CHN,195485
CHN,195064
CHN,194784
CHN,194301
CHN,193784
CHN,192981
CHN,192509
CHN,192247
CHN,191356
CHN,190772
CHN,190123
CHN,189293
CHN,188101
CHN,187309
CHN,186332
CHN,185818
CHN,185154
CHN,185048
CHN,182488
CHN,182241
CHN,181805
CHN,181424
CHN,180650
CHN,180273
CHN,180130
CHN,179976
CHN,179818
CHN,179572
CHN,178683
CHN,178669
CHN,177193
CHN,176367
CHN,175988
CHN,175873
CHN,175753
CHN,174570
CHN,174142
CHN,173878
CHN,173524
CHN,169930
CHN,169603
CHN,169400
CHN,166280
CHN,164880
CHN,164747
CHN,164641
CHN,164092
CHN,163552
CHN,162930
CHN,162198
CHN,161910
CHN,161315
CHN,161023
CHN,160794
CHN,160691
CHN,159538
CHN,159344
CHN,156823
CHN,156468
CHN,156317
CHN,156307
CHN,153364
CHN,152442
CHN,151862
CHN,151585
CHN,150168
CHN,150123
CHN,148583
CHN,148362
CHN,148105
CHN,146288
CHN,146086
CHN,144467
CHN,144280
CHN,144248
CHN,142659
CHN,142302
CHN,142170
CHN,140169
CHN,139417
CHN,138963
CHN,137994
CHN,137080
CHN,136811
CHN,136554
CHN,136446
CHN,136396
CHN,134481
CHN,134419
CHN,133910
CHN,133565
CHN,133555
CHN,133183
CHN,133101
CHN,132971
CHN,132744
CHN,132455
CHN,132260
CHN,132156
CHN,131861
CHN,131807
CHN,131149
CHN,130115
CHN,130031
CHN,128888
CHN,128418
CHN,128258
CHN,126872
CHN,126785
CHN,126438
CHN,125341
CHN,124219
CHN,123958
CHN,123676
CHN,123366
CHN,123357
CHN,123232
CHN,121949
CHN,121397
CHN,120523
CHN,120101
CHN,120023
CHN,120000
CHN,118858
CHN,118553
CHN,117264
CHN,116188
CHN,114586
CHN,114256
CHN,114065
CHN,114025
CHN,113958
CHN,113277
CHN,112673
CHN,112673
CHN,112373
CHN,111762
CHN,110048
CHN,109520
CHN,109268
CHN,109234
CHN,108504
CHN,108359
CHN,107847
CHN,107329
CHN,107004
CHN,106346
CHN,105287
CHN,105265
CHN,105021
CHN,104571
CHN,104269
CHN,103211
CHN,103104
CHN,102820
CHN,102770
CHN,102628
CHN,102384
CHN,102134
CHN,102052
CHN,100478
CHN,99265
CHN,99193
CHN,98667
CHN,98531
CHN,97994
CHN,97168
CHN,95900
CHN,95761
CHN,94000
CHN,93056
CHN,93009
CHN,92889
CHN,91999
CHN,91471
CHN,91030
CHN,90870
CHN,90646
CHN,90286
CHN,90222
CHN,89400
CHN,89373
CHN,89288
KGZ,589400
KGZ,222700
KIR,5055
KIR,2226
COL,6260862
COL,2077386
COL,1861265
COL,1223260
COL,805757
COL,606932
COL,515555
COL,393664
COL,381725
COL,359147
COL,337580
COL,333470
COL,332396
COL,300052
COL,295058
COL,288977
COL,273140
COL,272058
COL,263247
COL,248245
COL,228985
COL,226509
COL,224336
COL,221913
COL,220704
COL,200719
COL,178020
COL,159363
COL,152488
COL,135848
COL,125884
COL,110963
COL,110699
COL,109740
COL,108574
COL,108053
COL,107728
COL,90688
COM,36000
COG,950000
COG,500000
COD,5064000
COD,851381
COD,806475
COD,417810
COD,417517
COD,393030
COD,299118
COD,201569
COD,182142
COD,180860
COD,172730
COD,169841
COD,137459
COD,135284
COD,115590
COD,109406
COD,109094
COD,101309
CCK,503
CCK,167
PRK,2484000
PRK,709730
PRK,582480
PRK,566200
PRK,326011
PRK,300148
PRK,272934
PRK,254146
PRK,229172
PRK,223410
PRK,179000
PRK,178020
PRK,171500
KOR,9981619
KOR,3804522
KOR,2559424
KOR,2548568
KOR,1425835
KOR,1368341
KOR,1084891
KOR,869094
KOR,779412
KOR,755550
KOR,591106
KOR,563153
KOR,531376
KOR,518282
KOR,510314
KOR,508899
KOR,481694
KOR,441242
KOR,350914
KOR,330259
KOR,329886
KOR,322685
KOR,312927
KOR,311431
KOR,276111
KOR,272968
KOR,266569
KOR,258511
KOR,256370
KOR,249263
KOR,247452
KOR,242643
KOR,237460
KOR,235233
KOR,234528
KOR,229060
KOR,220403
KOR,205206
KOR,188443
KOR,183596
KOR,173746
KOR,163379
KOR,163351
KOR,155332
KOR,154663
KOR,147562
KOR,147027
KOR,146619
KOR,142173
KOR,139111
KOR,137070
KOR,134746
KOR,133443
KOR,131717
KOR,131229
KOR,131097
KOR,125997
KOR,124116
KOR,122604
KOR,122052
KOR,121501
KOR,115812
KOR,115427
KOR,113511
KOR,113494
KOR,108788
KOR,107831
KOR,103544
KOR,95472
KOR,92239
GRC,772072
GRC,383967
GRC,182671
GRC,153344
GRC,137288
GRC,116178
GRC,114233
GRC,113090
HRV,706770
HRV,189388
HRV,167964
HRV,104761
CUB,2256000
CUB,433180
CUB,298726
CUB,249492
CUB,207350
CUB,205078
CUB,142100
CUB,141000
CUB,132770
CUB,132350
CUB,123273
CUB,109350
CUB,100751
CUB,98505
KWT,130215
KWT,102178
KWT,28859
CYP,195000
CYP,154400
LAO,531800
LAO,96652
LVA,764328
LVA,114829
LVA,89439
LSO,297000
LBN,1100000
LBN,240000
LBR,850000
LBY,1682000
LBY,804000
LBY,121669
LBY,89338
LIE,5346
LIE,5043
LTU,577969
LTU,412639
LTU,202451
LTU,146563
LTU,133695
LUX,80700
ESH,169000
MAC,437500
MDG,675669
MDG,127441
MDG,120239
MDG,100807
MDG,99005
MKD,444299
MWI,478155
MWI,435964
MDV,71000
MYS,1297526
MYS,382853
MYS,328436
MYS,254350
MYS,243355
MYS,228119
MYS,219603
MYS,219582
MYS,199484
MYS,183261
MYS,182869
MYS,148059
MYS,126381
MYS,125841
MYS,124412
MYS,124228
MYS,114763
MYS,102019
MLI,809552
MLT,21445
MLT,7073
MAR,2940623
MAR,623457
MAR,621914
MAR,541162
MAR,521735
MAR,504420
MAR,460000
MAR,365382
MAR,292600
MAR,277516
MAR,262300
MAR,155244
MAR,154706
MAR,152090
MAR,140212
MAR,126303
MAR,119083
MAR,112450
MAR,107065
MAR,96200
MAR,92700
MAR,90400
MHL,28000
MTQ,94050
MRT,667300
MRT,97600
MUS,138200
MUS,100616
MUS,98464
MYT,12000
MEX,8591309
MEX,1647720
MEX,1620303
MEX,1346176
MEX,1224924
MEX,1217818
MEX,1212232
MEX,1133576
MEX,1108499
MEX,1002239
MEX,857511
MEX,764902
MEX,744859
MEX,721011
MEX,720755
MEX,703324
MEX,670208
MEX,669353
MEX,668780
MEX,665617
MEX,643360
MEX,639839
MEX,619958
MEX,608697
MEX,577352
MEX,529093
MEX,519873
MEX,495540
MEX,490524
MEX,490245
MEX,475472
MEX,467262
MEX,457119
MEX,452976
MEX,440039
MEX,433544
MEX,432411
MEX,419776
MEX,419276
MEX,416428
MEX,390058
MEX,382140
MEX,380265
MEX,369573
MEX,358663
MEX,355679
MEX,337966
MEX,336109
MEX,323113
MEX,310277
MEX,305025
MEX,294789
MEX,293160
MEX,282941
MEX,277201
MEX,272806
MEX,271141
MEX,269393
MEX,267037
MEX,265211
MEX,262686
MEX,256848
MEX,252270
MEX,244688
MEX,232961
MEX,226864
MEX,226573
MEX,225943
MEX,222201
MEX,216903
MEX,216735
MEX,213045
MEX,208014
MEX,203681
MEX,196708
MEX,194265
MEX,193657
MEX,193156
MEX,192509
MEX,183741
MEX,182744
MEX,182012
MEX,179956
MEX,179300
MEX,177330
MEX,176952
MEX,172410
MEX,171495
MEX,171367
MEX,170878
MEX,170428
MEX,170123
MEX,164640
MEX,161191
MEX,159103
MEX,158335
MEX,153132
MEX,152983
MEX,152678
MEX,146411
MEX,145396
MEX,145276
MEX,143927
MEX,142251
MEX,141215
MEX,140495
MEX,137970
MEX,135721
MEX,134645
MEX,134037
MEX,133795
MEX,133675
MEX,132317
MEX,130557
MEX,130108
MEX,129454
MEX,128675
MEX,127949
MEX,127898
MEX,127490
MEX,126475
MEX,126147
MEX,124279
MEX,124014
MEX,123883
MEX,123700
MEX,123220
MEX,121946
MEX,121715
MEX,121093
MEX,118948
MEX,118815
MEX,118488
MEX,117849
MEX,117019
MEX,116132
MEX,115548
MEX,112453
MEX,112272
MEX,110550
MEX,110487
MEX,110388
MEX,108881
MEX,108017
MEX,106198
MEX,105199
MEX,104986
MEX,104164
MEX,103901
MEX,102824
MEX,102716
MEX,100881
MEX,100149
MEX,99907
MEX,99781
MEX,99734
MEX,99714
MEX,99296
MEX,97389
MEX,97199
MEX,96763
MEX,95448
MEX,95311
MEX,95305
MEX,94934
MEX,94709
MEX,94322
MEX,93364
MEX,92686
MEX,91858
MEX,90551
MEX,89556
MEX,89143
FSM,22000
FSM,8600
MDA,719900
MDA,194300
MDA,153400
MDA,125700
MCO,13154
MCO,1234
MNG,773700
MSR,2000
MOZ,1018938
MOZ,424662
MOZ,397368
MOZ,303346
MOZ,171056
MOZ,158248
MOZ,150116
MOZ,124700
MOZ,101984
MOZ,99442
MOZ,99300
MOZ,93985
MMR,3361700
MMR,885300
MMR,307900
MMR,190900
MMR,183900
MMR,138600
MMR,137600
MMR,131500
MMR,129700
MMR,122700
MMR,107600
MMR,105700
MMR,104700
MMR,103600
MMR,96800
MMR,94800
NAM,169000
NRU,4050
NRU,559
NPL,591835
NPL,157764
NPL,146318
NPL,145847
NPL,90639
NIC,959000
NIC,123865
NIC,97387
NIC,88971
NER,420000
NER,120892
NER,112965
NGA,1518000
NGA,1432000
NGA,730000
NGA,674100
NGA,476800
NGA,475800
NGA,427400
NGA,410000
NGA,379200
NGA,378400
NGA,371900
NGA,362000
NGA,359400
NGA,350100
NGA,342200
NGA,333200
NGA,320000
NGA,316100
NGA,307100
NGA,298900
NGA,296800
NGA,264000
NGA,256400
NGA,244600
NGA,229400
NGA,217300
NGA,206500
NGA,206300
NGA,204900
NGA,199000
NGA,197200
NGA,184900
NGA,184500
NGA,183500
NGA,181400
NGA,174500
NGA,174400
NGA,173600
NGA,162300
NGA,158000
NGA,156400
NGA,153100
NGA,148000
NGA,147700
NGA,142900
NGA,140800
NGA,139200
NGA,138600
NGA,136900
NGA,126100
NGA,125500
NGA,123300
NGA,123100
NGA,122500
NGA,119800
NGA,117200
NGA,111200
NGA,107800
NGA,106800
NGA,105900
NGA,105000
NGA,103400
NGA,102600
NGA,101000
NIU,682
NFK,800
NOR,508726
NOR,230948
NOR,150166
NOR,108848
NOR,101340
CIV,2500000
CIV,329850
CIV,130000
CIV,121842
CIV,109445
OMN,155000
OMN,131813
OMN,107500
OMN,90814
OMN,51969
PAK,9269265
PAK,5063499
PAK,1977246
PAK,1406214
PAK,1182441
PAK,1151274
PAK,1124749
PAK,988005
PAK,560307
PAK,524500
PAK,455360
PAK,417597
PAK,403408
PAK,329176
PAK,292214
PAK,271875
PAK,270366
PAK,250121
PAK,244511
PAK,241649
PAK,228479
PAK,207388
PAK,200901
PAK,198400
PAK,188100
PAK,184500
PAK,183100
PAK,174500
PAK,169300
PAK,151000
PAK,149900
PAK,145800
PAK,141500
PAK,137700
PAK,133300
PAK,133000
PAK,130200
PAK,125300
PAK,121600
PAK,117800
PAK,115000
PAK,109600
PAK,108600
PAK,107800
PAK,106000
PAK,103400
PAK,103300
PAK,102200
PAK,101700
PAK,101500
PAK,98600
PAK,97300
PAK,96000
PAK,95300
PAK,93100
PAK,92300
PAK,90400
PAK,89700
PAK,89400
PLW,12000
PAN,471373
PAN,315382
PNG,247000
PRY,557776
PRY,133881
PRY,133395
PRY,99681
PRY,95287
PER,6464693
PER,762000
PER,652000
PER,517000
PER,424294
PER,367000
PER,336000
PER,327000
PER,325000
PER,291000
PER,220866
PER,215683
PER,194820
PER,147361
PER,142576
PER,129688
PER,118960
PER,110016
PER,108009
PER,101578
PER,101056
PER,90642
PCN,42
MNP,9200
PRT,563210
PRT,273060
PRT,122106
PRT,96100
PRT,90535
PRI,434374
PRI,224044
PRI,186475
PRI,186076
PRI,140502
PRI,100131
PRI,100053
PRI,98434
PRI,94085
POL,1615369
POL,800110
POL,738150
POL,636765
POL,576899
POL,458988
POL,416988
POL,386855
POL,356251
POL,345934
POL,283937
POL,257812
POL,253521
POL,244102
POL,232262
POL,212383
POL,212164
POL,206158
POL,205560
POL,200177
POL,180307
POL,170904
POL,162049
POL,159665
POL,144582
POL,136923
POL,133178
POL,131037
POL,131011
POL,129782
POL,129553
POL,126019
POL,123373
POL,121708
POL,121494
POL,118182
POL,112375
POL,109335
POL,106641
POL,102434
POL,102370
POL,102294
POL,97929
POL,93901
GNQ,40000
QAT,355000
FRA,2125246
FRA,798430
FRA,445452
FRA,390350
FRA,342738
FRA,270251
FRA,264115
FRA,225392
FRA,215363
FRA,206229
FRA,190905
FRA,187206
FRA,184657
FRA,180210
FRA,160639
FRA,153317
FRA,151279
FRA,149867
FRA,149634
FRA,146105
FRA,137140
FRA,135501
FRA,134222
FRA,133968
FRA,133424
FRA,132820
FRA,124215
FRA,123776
FRA,117733
FRA,113987
FRA,113126
FRA,110359
FRA,106592
FRA,106367
FRA,105115
FRA,103605
FRA,96984
FRA,93961
FRA,93540
FRA,90674
GUF,50699
PYF,25888
PYF,25553
REU,131480
ROM,2016131
ROM,348070
ROM,342264
ROM,332498
ROM,330276
ROM,324304
ROM,314225
ROM,313530
ROM,251348
ROM,233756
ROM,222239
ROM,209235
ROM,187170
ROM,184408
ROM,169611
ROM,165153
ROM,149665
ROM,148372
ROM,130059
ROM,128730
ROM,125070
ROM,119741
ROM,118549
ROM,117865
ROM,98980
ROM,98979
ROM,98524
ROM,96278
ROM,93976
RWA,286000
SWE,750348
SWE,466990
SWE,259579
SWE,189569
SWE,133168
SWE,126328
SWE,124207
SWE,122199
SWE,117737
SWE,117095
SWE,104512
SWE,98948
SWE,96883
SWE,93126
SWE,90742
SHN,1500
KNA,11600
LCA,2301
VCT,17100
SPM,5808
DEU,3386667
DEU,1704735
DEU,1194560
DEU,962507
DEU,643821
DEU,599515
DEU,590213
DEU,582443
DEU,568855
DEU,540330
DEU,519793
DEU,514718
DEU,489532
DEU,486628
DEU,476668
DEU,392830
DEU,368993
DEU,321125
DEU,307730
DEU,301048
DEU,281979
DEU,277204
DEU,268716
DEU,264670
DEU,263697
DEU,263222
DEU,254867
DEU,254360
DEU,246322
DEU,243825
DEU,241769
DEU,235073
DEU,233795
DEU,222349
DEU,213326
DEU,205201
DEU,203279
DEU,202455
DEU,201267
DEU,196211
DEU,183836
DEU,183134
DEU,181804
DEU,175661
DEU,173895
DEU,165583
DEU,164539
DEU,163771
DEU,160841
DEU,154125
DEU,149702
DEU,139672
DEU,137776
DEU,137647
DEU,128983
DEU,127350
DEU,125236
DEU,125022
DEU,124775
DEU,122735
DEU,121954
DEU,121097
DEU,120125
DEU,119526
DEU,117227
DEU,116627
DEU,116103
DEU,114826
DEU,114718
DEU,112934
DEU,110894
DEU,110343
DEU,109771
DEU,109225
DEU,108003
DEU,106837
DEU,106150
DEU,104146
DEU,104013
DEU,103384
DEU,102878
DEU,100750
DEU,100025
DEU,99891
DEU,99779
DEU,99474
DEU,95028
DEU,93735
DEU,92044
DEU,91092
DEU,90951
DEU,89881
DEU,89667
SLB,50100
ZMB,1317000
ZMB,329200
ZMB,288600
ZMB,154300
ZMB,142400
ZMB,123900
ZMB,118100
WSM,35900
SMR,4802
SMR,2294
STP,49541
SAU,3324000
SAU,2046300
SAU,965700
SAU,608300
SAU,482300
SAU,416100
SAU,292600
SAU,248600
SAU,225800
SAU,219100
SAU,217900
SAU,176800
SAU,152100
SAU,141700
SAU,140800
SAU,137800
SAU,125700
SAU,119800
SAU,112300
SAU,108100
SAU,98900
SAU,93900
SAU,91100
SAU,91000
SEN,855287
SEN,785071
SEN,248000
SEN,199000
SEN,192000
SEN,150000
SEN,132400
SEN,109300
SEN,99400
SYC,41000
SLE,850000
SGP,4017733
SVK,448292
SVK,241874
SVK,93977
SVN,270986
SVN,115532
SOM,997000
SOM,90000
SOM,90000
LKA,645000
LKA,203000
LKA,190000
LKA,149000
LKA,140000
LKA,118000
LKA,100000
SDN,1271403
SDN,947483
SDN,700887
SDN,308195
SDN,234622
SDN,229425
SDN,227183
SDN,211362
SDN,191164
SDN,173599
SDN,141884
SDN,114980
FIN,555474
FIN,213271
FIN,195468
FIN,178471
FIN,172561
FIN,120753
FIN,96921
SUR,112000
SWZ,61000
CHE,336800
CHE,173500
CHE,166700
CHE,122700
CHE,114500
SYR,1347000
SYR,1261983
SYR,507404
SYR,343361
SYR,264563
SYR,144286
SYR,140459
SYR,138469
SYR,131158
SYR,108020
SYR,91081
TJK,524000
TJK,161500
TWN,2641312
TWN,1475505
TWN,940589
TWN,728060
TWN,523850
TWN,392176
TWN,385201
TWN,380084
TWN,365048
TWN,361958
TWN,318649
TWN,318562
TWN,316438
TWN,265109
TWN,263603
TWN,227715
TWN,227700
TWN,224897
TWN,214727
TWN,193005
TWN,188344
TWN,171940
TWN,165524
TWN,161700
TWN,161032
TWN,160516
TWN,154976
TWN,151260
TWN,126402
TWN,126323
TWN,115897
TWN,112195
TWN,111882
TWN,111039
TWN,108407
TWN,104723
TWN,103088
TWN,98900
TWN,96800
TWN,92200
TWN,92000
TWN,90000
TZA,1747000
TZA,189000
TZA,172300
TZA,157634
TZA,137400
TZA,130800
TZA,117800
TZA,102500
TZA,96800
TZA,92800
DNK,495699
DNK,284846
DNK,183912
DNK,161161
DNK,90327
THA,6320174
THA,292100
THA,181400
THA,171100
THA,158100
THA,148632
THA,126500
THA,126055
THA,123800
THA,116300
THA,94900
THA,94100
TGO,375000
TKL,300
TON,22400
TTO,56601
TTO,43396
TCD,530965
TCD,99500
CZE,1181126
CZE,381862
CZE,320041
CZE,166759
CZE,102702
CZE,99155
CZE,98186
CZE,98080
CZE,95491
CZE,91309
TUN,690600
TUN,257800
TUN,197000
TUN,178600
TUN,145900
TUN,113100
TUN,108900
TUN,106600
TUR,8787958
TUR,3038159
TUR,2130359
TUR,1131198
TUR,1095842
TUR,789056
TUR,628364
TUR,587212
TUR,564914
TUR,479884
TUR,475657
TUR,470781
TUR,405905
TUR,339871
TUR,330312
TUR,264170
TUR,253848
TUR,246642
TUR,246535
TUR,246206
TUR,245772
TUR,228815
TUR,219319
TUR,211068
TUR,210068
TUR,207148
TUR,203793
TUR,196382
TUR,190641
TUR,153022
TUR,146003
TUR,145495
TUR,144761
TUR,143982
TUR,142044
TUR,141529
TUR,138234
TUR,133642
TUR,128651
TUR,128162
TUR,123383
TUR,123300
TUR,121911
TUR,118285
TUR,118245
TUR,117300
TUR,112000
TUR,111542
TUR,107100
TUR,106400
TUR,106077
TUR,104200
TUR,103984
TUR,102681
TUR,102412
TUR,102304
TUR,101400
TUR,99900
TUR,99500
TUR,93000
TUR,90500
TUR,90200
TKM,540600
TKM,189200
TKM,141800
TKM,101000
TCA,4800
TUV,4600
UGA,890800
UKR,2624000
UKR,1500000
UKR,1103000
UKR,1050000
UKR,1011000
UKR,848000
UKR,788000
UKR,703000
UKR,508000
UKR,490000
UKR,469000
UKR,391000
UKR,384000
UKR,353000
UKR,348000
UKR,339000
UKR,313000
UKR,313000
UKR,309000
UKR,299000
UKR,297000
UKR,294000
UKR,270000
UKR,265000
UKR,262000
UKR,259000
UKR,245000
UKR,239000
UKR,237000
UKR,236000
UKR,217000
UKR,215000
UKR,186000
UKR,169000
UKR,162000
UKR,149000
UKR,130000
UKR,127000
UKR,127000
UKR,127000
UKR,127000
UKR,119000
UKR,116000
UKR,112000
UKR,109000
UKR,105000
UKR,101000
UKR,101000
UKR,99000
UKR,96000
UKR,95000
UKR,90000
UKR,90000
UKR,90000
UKR,90000
UKR,89000
UKR,89000
HUN,1811552
HUN,203648
HUN,172357
HUN,158158
HUN,157332
HUN,127119
HUN,112419
HUN,105606
HUN,105119
URY,1236000
NCL,76293
NZL,381800
NZL,324200
NZL,281800
NZL,187700
NZL,170600
NZL,166700
NZL,119600
NZL,117100
NZL,98100
UZB,2117500
UZB,370500
UZB,361800
UZB,318600
UZB,237100
UZB,194100
UZB,194100
UZB,190100
UZB,180500
UZB,146400
UZB,140800
UZB,138900
UZB,128000
UZB,124800
UZB,116300
UZB,114900
UZB,109500
BLR,1674000
BLR,475000
BLR,356000
BLR,340000
BLR,302000
BLR,286000
BLR,221000
BLR,167000
BLR,151000
BLR,130000
BLR,124000
BLR,110000
BLR,106000
BLR,101000
BLR,101000
BLR,97000
WLF,1137
VUT,33700
VAT,455
VEN,1975294
VEN,1304776
VEN,877239
VEN,794246
VEN,663713
VEN,488868
VEN,444443
VEN,322267
VEN,319726
VEN,319373
VEN,301107
VEN,293105
VEN,224887
VEN,221329
VEN,217831
VEN,217499
VEN,207290
VEN,187722
VEN,185766
VEN,178784
VEN,167215
VEN,165889
VEN,158954
VEN,155700
VEN,134501
VEN,131334
VEN,130281
VEN,125621
VEN,119639
VEN,117012
VEN,116256
VEN,109121
VEN,107146
VEN,105690
VEN,99354
VEN,97168
VEN,95927
VEN,94269
VEN,93809
VEN,90940
VEN,90000
RUS,8389200
RUS,4694000
RUS,1398800
RUS,1357000
RUS,1266300
RUS,1156100
RUS,1148900
RUS,1101000
RUS,1091200
RUS,1083200
RUS,1012700
RUS,1009700
RUS,993400
RUS,907700
RUS,875500
RUS,874000
RUS,722900
RUS,667400
RUS,652800
RUS,639000
RUS,616700
RUS,609400
RUS,606200
RUS,593700
RUS,580100
RUS,561600
RUS,532200
RUS,529900
RUS,523600
RUS,521000
RUS,514700
RUS,506100
RUS,503400
RUS,492700
RUS,486100
RUS,482100
RUS,466200
RUS,459200
RUS,459200
RUS,457400
RUS,454900
RUS,443500
RUS,427900
RUS,424400
RUS,390900
RUS,376300
RUS,370400
RUS,364700
RUS,361800
RUS,358600
RUS,353400
RUS,344500
RUS,343300
RUS,342000
RUS,339300
RUS,337100
RUS,332800
RUS,324400
RUS,314800
RUS,312000
RUS,310100
RUS,309900
RUS,302500
RUS,299500
RUS,291600
RUS,288100
RUS,286900
RUS,284400
RUS,282100
RUS,277600
RUS,277100
RUS,274900
RUS,273900
RUS,265200
RUS,264700
RUS,249200
RUS,239600
RUS,237300
RUS,233900
RUS,233400
RUS,229700
RUS,229300
RUS,225000
RUS,223400
RUS,222000
RUS,221800
RUS,213800
RUS,207100
RUS,206000
RUS,203300
RUS,201500
RUS,196900
RUS,195400
RUS,194300
RUS,194100
RUS,190600
RUS,189000
RUS,186900
RUS,186000
RUS,184400
RUS,181900
RUS,179200
RUS,178200
RUS,169200
RUS,167300
RUS,166200
RUS,164900
RUS,163900
RUS,162600
RUS,159900
RUS,157700
RUS,157300
RUS,156800
RUS,155700
RUS,150700
RUS,147000
RUS,142400
RUS,141200
RUS,140800
RUS,140700
RUS,138100
RUS,137000
RUS,136100
RUS,133700
RUS,132900
RUS,132600
RUS,132500
RUS,132400
RUS,132000
RUS,127400
RUS,124900
RUS,124600
RUS,123400
RUS,121700
RUS,121600
RUS,121000
RUS,120700
RUS,120400
RUS,119400
RUS,118600
RUS,117200
RUS,116300
RUS,116200
RUS,115700
RUS,113800
RUS,111500
RUS,111100
RUS,110700
RUS,110000
RUS,109600
RUS,108300
RUS,107400
RUS,106300
RUS,106000
RUS,105700
RUS,105200
RUS,104900
RUS,104400
RUS,103500
RUS,103300
RUS,101900
RUS,101700
RUS,101100
RUS,100400
RUS,100200
RUS,100100
RUS,100000
RUS,98200
RUS,98000
RUS,97900
RUS,97600
RUS,97400
RUS,97300
RUS,97300
RUS,97100
RUS,96900
RUS,96500
RUS,96100
RUS,94100
RUS,94000
RUS,93300
RUS,92900
RUS,92600
RUS,92300
RUS,91600
RUS,91000
RUS,90000
RUS,90000
RUS,89800
VNM,3980000
VNM,1410000
VNM,783133
VNM,382674
VNM,282095
VNM,221331
VNM,219149
VNM,215587
VNM,209086
VNM,171699
VNM,163385
VNM,145145
VNM,141132
VNM,132681
VNM,127643
VNM,127484
VNM,114236
VNM,114041
VNM,112455
VNM,108404
VNM,106409
VNM,97044
EST,403981
EST,101246
USA,8008278
USA,3694820
USA,2896016
USA,1953631
USA,1517550
USA,1321045
USA,1223400
USA,1188580
USA,1144646
USA,951270
USA,894943
USA,791926
USA,776733
USA,735167
USA,711470
USA,656562
USA,651154
USA,650100
USA,596974
USA,589141
USA,572059
USA,569891
USA,563662
USA,563374
USA,554636
USA,540828
USA,534694
USA,529121
USA,506132
USA,486699
USA,484674
USA,478434
USA,478403
USA,461522
USA,448607
USA,441545
USA,427652
USA,425257
USA,416474
USA,407018
USA,399484
USA,396375
USA,393049
USA,390007
USA,382618
USA,371657
USA,362470
USA,360890
USA,348189
USA,344284
USA,337977
USA,334563
USA,332969
USA,331285
USA,328014
USA,313619
USA,303447
USA,292648
USA,287151
USA,277454
USA,276393
USA,276093
USA,273546
USA,260512
USA,260283
USA,256231
USA,255166
USA,248232
USA,247057
USA,243771
USA,242820
USA,240055
USA,234403
USA,227818
USA,226419
USA,225581
USA,223891
USA,222030
USA,219773
USA,218812
USA,217074
USA,215768
USA,208054
USA,205727
USA,203413
USA,202705
USA,201568
USA,200145
USA,199775
USA,199564
USA,199184
USA,198915
USA,198682
USA,197800
USA,197790
USA,196086
USA,195629
USA,194973
USA,193556
USA,191615
USA,189594
USA,188856
USA,187035
USA,186291
USA,185951
USA,185787
USA,185776
USA,185401
USA,184256
USA,183133
USA,181743
USA,180480
USA,180150
USA,176581
USA,176576
USA,175381
USA,174838
USA,173890
USA,173627
USA,173618
USA,173556
USA,172648
USA,170358
USA,166179
USA,165196
USA,161029
USA,158625
USA,158216
USA,158007
USA,155554
USA,152397
USA,152082
USA,151580
USA,151088
USA,151060
USA,150624
USA,150115
USA,149473
USA,149428
USA,149222
USA,149080
USA,147595
USA,147306
USA,146866
USA,146437
USA,144126
USA,143560
USA,143072
USA,142990
USA,142381
USA,141674
USA,140030
USA,139722
USA,139529
USA,139357
USA,138247
USA,137946
USA,137893
USA,137427
USA,136924
USA,133936
USA,133559
USA,131760
USA,131510
USA,128929
USA,128821
USA,128358
USA,128283
USA,127743
USA,127427
USA,126379
USA,126003
USA,124966
USA,124943
USA,124682
USA,124523
USA,124471
USA,123975
USA,123626
USA,122377
USA,121780
USA,121582
USA,121578
USA,121015
USA,120758
USA,120568
USA,119128
USA,118718
USA,118652
USA,117549
USA,117083
USA,117005
USA,116760
USA,116670
USA,116278
USA,115965
USA,115930
USA,115488
USA,114024
USA,113866
USA,113726
USA,113336
USA,113288
USA,112936
USA,112580
USA,111454
USA,111351
USA,110257
USA,109697
USA,109576
USA,109569
USA,108896
USA,108787
USA,108724
USA,108364
USA,107789
USA,107323
USA,107271
USA,107006
USA,106632
USA,106414
USA,106221
USA,105167
USA,105166
USA,105080
USA,104197
USA,103717
USA,103621
USA,103455
USA,103298
USA,102746
USA,102743
USA,102361
USA,102313
USA,102286
USA,102153
USA,102121
USA,101853
USA,101489
USA,101355
USA,100940
USA,100916
USA,100565
USA,100545
USA,100316
USA,99936
USA,98293
USA,98256
USA,98049
USA,97855
USA,95362
USA,94780
USA,94578
USA,94193
USA,94100
USA,93994
USA,93653
USA,93357
USA,92988
USA,92864
USA,92291
USA,92256
USA,92040
USA,91799
USA,91762
USA,91238
USA,91213
USA,91084
USA,90555
USA,89447
USA,89408
USA,89293
USA,89089
USA,89063
VIR,13000
ZWE,1410000
ZWE,621742
ZWE,274912
ZWE,164362
ZWE,131367
ZWE,128037
PSE,353632
PSE,123175
PSE,119401
PSE,113901
PSE,100231
PSE,92020
